,Confusion Matrix,Average Accuracy,Average Precision,Average Recall,Average F1
0,"[1022, 34, 333, 60]",0.7444130029677687,0.6047278003709826,0.16620005090353782,0.2606352381047726
