,Confusion Matrix,Average Accuracy,Average Precision,Average Recall,Average F1
0,"[793, 263, 205, 188]",0.6835392366622954,0.4298055142729302,0.5112242300839908,0.4669868129198311
