,Confusion Matrix,Average Accuracy,Average Precision,Average Recall,Average F1
0,"[887, 169, 231, 162]",0.7190420318862586,0.47923449776373256,0.4162891320946806,0.44553960635530476
