,Confusion Matrix,Average Accuracy,Average Precision,Average Recall,Average F1
0,"[870, 186, 233, 160]",0.7061356891434881,0.456698275328611,0.44123186561466027,0.44882655170540586
