,Confusion Matrix,Average Accuracy,Average Precision,Average Recall,Average F1
0,"[792, 264, 200, 193]",0.6796880392021534,0.4261164094053699,0.5225757190124714,0.4694421300917811
