,Confusion Matrix,Average Accuracy,Average Precision,Average Recall,Average F1
0,"[828, 228, 219, 174]",0.6918075781627442,0.4384645269565547,0.4861287859506236,0.4610484675337873
