,Confusion Matrix,Average Accuracy,Average Precision,Average Recall,Average F1
0,"[202, 108, 164, 306]",0.6541116100064144,0.7428654408497699,0.6503517373694307,0.693536550581489
