,Confusion Matrix,Average Accuracy,Average Precision,Average Recall,Average F1
0,"[200, 110, 148, 322]",0.6602180885182809,0.7359445104195328,0.6790023449157963,0.7063220154605453
