,Confusion Matrix,Average Accuracy,Average Precision,Average Recall,Average F1
0,"[201, 109, 152, 318]",0.6570878768441307,0.7442161587100928,0.6554679172884246,0.697023235857573
