,Confusion Matrix,Average Accuracy,Average Precision,Average Recall,Average F1
0,"[204, 106, 160, 310]",0.6548556767158435,0.7431333694971062,0.6517586868471541,0.6944515555479971
