,Confusion Matrix,Average Accuracy,Average Precision,Average Recall,Average F1
0,"[141, 169, 97, 373]",0.6632456703014753,0.7020004830931008,0.7654231507141335,0.7323112925901201
