,Confusion Matrix,Average Accuracy,Average Precision,Average Recall,Average F1
0,"[202, 108, 155, 315]",0.6589095574085952,0.7421489482648123,0.6638669793221061,0.7008256753316531
