,Confusion Matrix,Average Accuracy,Average Precision,Average Recall,Average F1
0,"[196, 114, 139, 331]",0.6793842206542656,0.7453566510686722,0.7096994244297591,0.727089810460064
