,N_Estimators,Max_Depth,Estimators,Confusion Matrix,Average Accuracy,Average Precision,Average Recall,Average F1
0,300,5,50,"[154, 156, 84, 386]",0.68436177,0.703708382,0.821317416,0.757976123
1,300,10,50,"[165, 145, 96, 374]",0.691597178,0.718791396,0.800852697,0.757604143
2,300,15,50,"[168, 142, 99, 371]",0.688620911,0.718868214,0.792538904,0.75390223
,500,5,50,"[154, 156, 85, 385]",0.68405388,0.70350432,0.82101897,0.75773072
,500,10,50,"[165, 145, 96, 374]",0.69164849,0.71862805,0.80140695,0.75776114
,500,15,50,"[166, 144, 100, 370]",0.68905709,0.71912218,0.79309316,0.75429244