,Confusion Matrix,Average Accuracy,Average Precision,Average Recall,Average F1
0,"[809, 247, 206, 187]",0.6789288425702257,0.4202162877951887,0.4846016798167473,0.4501182033096927
